{
  "total_reference_sequences": 16384,
  "total_query_sequences": 16384,
  "average_cpu_time": 3.7321254035196034,
  "average_gpu_time": 0.06502073899901006
}